A375,Gi†ßúm gi†ß?t b?≠nh sau,0,0,75000,11
A376,Gi†ßúm gi†ß?t b?≠nh sau,0,0,75000,12
A377,Gi†ßúm gi†ß?t b?≠nh sau,0,0,75000,13
A378,Gi†ßúm gi†ß?t b?≠nh sau,0,0,75000,13
A379,M?≠ é?é?a,0,0,75000,17
A380,Tay phanh,0,0,75000,30
A381,M?≠ é?é?a,0,0,75000,30
A382,M?≠ é?é?a,0,0,75000,31
A383,D?õy c??ng tí≠ m??t,0,0,75000,36
A384,Gi†ßúm gi†ß?t b?≠nh sau,0,0,75000,38
A385,C??ng t†ß?c Phanh tay,0,0,80000,1
A386,C??ng t†ß?c Pha c†Ø?t,0,0,80000,1
A387,C??ng t†ß?c éê??n,0,0,80000,1
A388,C??ng t†ß?c Phanh tay,0,0,80000,2
A389,C??ng t†ß?c Pha c†Ø?t,0,0,80000,2
A390,Bi banh   ,0,0,80000,4
A391,Bi banh   ,0,0,80000,5
A392,Bi banh   ,0,0,80000,6
A393,Bi banh   ,0,0,80000,8
A394,Bi nh??ng 6004 ,0,0,80000,9
A395,Bi banh   ,0,0,80000,9
A396,C??ng t†ß?c Phanh tay,0,0,80000,10
A397,C??ng t†ß?c Pha c†Ø?t,0,0,80000,10
A398,Bi banh   ,0,0,80000,11
A399,Bi banh   ,0,0,80000,12
A400,Phot git,0,0,80000,13
A401,Bi banh   ,0,0,80000,13
A402,Bi banh   ,0,0,80000,14
A403,C??ng t†ß?c Phanh tay,0,0,80000,15
A404,C??ng t†ß?c Pha c†Ø?t,0,0,80000,15
A405,Bi banh   ,0,0,80000,17
A406,C??ng t†ß?c Phanh tay,0,0,80000,18
A407,C??ng t†ß?c Pha c†Ø?t,0,0,80000,18
A408,C??ng t†ß?c éê??n,0,0,80000,18
A409,Séüm 275-17,0,0,80000,19
A410,Séüm -14,0,0,80000,19
A411,??p bi†Øün,0,0,80000,19
A412,C??ng t†ß?c Phanh tay,0,0,80000,20
A413,C??ng t†ß?c Pha c†Ø?t,0,0,80000,20
A414,C??ng t†ß?c Phanh tay,0,0,80000,21
A415,C??ng t†ß?c Phanh é?é?a,0,0,80000,21
A416,C??ng t†ß?c Pha c†Ø?t,0,0,80000,21
A417,C??ng t†ß?c éê†ØÅ,0,0,80000,21
A418,C??ng t†ß?c éê??n,0,0,80000,21
A419,C??ng t†ß?c Phanh tay,0,0,80000,22
A420,C??ng t†ß?c Pha c†Ø?t,0,0,80000,22
A421,B??ng h†ß?u ( 1 qu†ßú),0,0,80000,25
A422,C??ng t†ß?c Phanh tay,0,0,80000,27
A423,C??ng t†ß?c Pha c†Ø?t,0,0,80000,27
A424,C??ng t†ß?c Phanh tay,0,0,80000,28
A425,C??ng t†ß?c Pha c†Ø?t,0,0,80000,28
A426,C??ng t†ß?c éê??n,0,0,80000,28
A427,C??ng t†ß?c Phanh tay,0,0,80000,29
A428,Bi banh   ,0,0,80000,30
A429,Bi banh   ,0,0,80000,31
A430,C??ng t†ß?c Phanh tay,0,0,80000,32
A431,C??ng t†ß?c Pha c†Ø?t,0,0,80000,32
A432,C??ng t†ß?c Phanh tay,0,0,80000,34
A433,B??ng xin nhan,0,0,80000,34
A434,C??ng t†ß?c Phanh tay,0,0,80000,35
A435,C??ng t†ß?c Pha c†Ø?t,0,0,80000,35
A436,C??ng t†ß?c éê??n,0,0,80000,35
A437,Bi banh   ,0,0,80000,36
A438,C??ng t†ß?c Phanh tay,0,0,80000,37
A439,C??ng t†ß?c Pha c†Ø?t,0,0,80000,37
A440,éê??ng ca bi,0,0,80000,38
A441,Bi banh   ,0,0,80000,38
A442,Gi†ßúm gi†ß?t b?≠nh sau,0,0,85000,8
A443,Gi†ßúm gi†ß?t b?≠nh sau,0,0,85000,9
A444,Gi†ßúm gi†ß?t b?≠nh sau,0,0,85000,14
A445,Gi†ßúm gi†ß?t b?≠nh sau,0,0,85000,17
A446,C??ng tí≠ met,0,0,85000,22
A447,Gi†ßúm gi†ß?t b?≠nh sau,0,0,85000,30
A448,Gi†ßúm gi†ß?t b?≠nh sau,0,0,85000,31
A449,Gi†ßúm gi†ß?t b?≠nh sau,0,0,85000,36
A450,M?≠ é?é?a,0,0,85000,38
A451,L†Øçc gi??,0,0,85000,38
A452,Ch?õn van éê†Ø?ng,0,0,90000,1
A453,Ch?õn van éê†Ø?ng,0,0,90000,2
A454,Ch?õn van éê†Ø?ng,0,0,90000,10
A455,Ch?õn van éê†Ø?ng,0,0,90000,15
A456,Ch?õn van éê†Ø?ng,0,0,90000,18
A457,Thay c†Ø? b?? XS ng†ß?n,0,0,90000,19
A458,Séüm -16,0,0,90000,19
A459,Ch?õn van éê†Ø?ng,0,0,90000,20
A460,Ch?õn van éê†Ø?ng,0,0,90000,21
A461,Ch?õn van éê†Ø?ng,0,0,90000,22
A462,Ch?õn van éê†Ø?ng,0,0,90000,25
A463,Ch?õn van éê†Ø?ng,0,0,90000,27
A464,Ch?õn van éê†Ø?ng,0,0,90000,28
A465,Ch?õn van éê†Ø?ng,0,0,90000,29
A466,Ch?õn van éê†Ø?ng,0,0,90000,32
A467,Ch?õn van éê†Ø?ng,0,0,90000,34
A468,B??ng h†ß?u ( 1 qu†ßú),0,0,90000,34
A469,Ch?õn van éê†Ø?ng,0,0,90000,35
A470,Ch?õn van éê†Ø?ng,0,0,90000,37
A471,M?≠ phanh é?é?a ,0,0,95000,1
A472,D?õy cong-to-met Thí¯†Øùng,0,0,95000,1
A473,D?õy cong-to-met Thí¯†Øùng,0,0,95000,2
A474,Buzzi,0,0,95000,2
A475,S?õu c??ng tí≠ m??t,0,0,95000,4
A476,S?õu c??ng tí≠ m??t,0,0,95000,5
A477,éê†Øü ch?õn sau,0,0,95000,5
A478,D?õy cong-to-met Thí¯†Øùng,0,0,95000,10
A479,Buzzi,0,0,95000,10
A480,M?≠ é?é?a,0,0,95000,12
A481,M?≠ é?é?a,0,0,95000,13
A482,L?≠ng b?≠t c??n,0,0,95000,13
A483,L†Øçc gi??,0,0,95000,14
A484,M?≠ phanh é?é?a ,0,0,95000,15
A485,L†Øçc gi??,0,0,95000,17
A486,D?õy cong-to-met Thí¯†Øùng,0,0,95000,18
A487,D?õy cong-to-met Thí¯†Øùng,0,0,95000,20
A488,Buzzi,0,0,95000,20
A489,D?õy cong-to-met Thí¯†Øùng,0,0,95000,21
A490,Buzzi,0,0,95000,21
A491,D?õy cong-to-met Thí¯†Øùng,0,0,95000,22
A492,Buzzi,0,0,95000,22
A493,D?õy cong-to-met Thí¯†Øùng,0,0,95000,28
A494,L†Øçc gi??,0,0,95000,30
A495,L†Øçc gi??,0,0,95000,31
A496,D?õy cong-to-met Thí¯†Øùng,0,0,95000,32
A497,Buzzi,0,0,95000,32
A498,M?≠ phanh é?é?a ,0,0,95000,35
A499,Bi 300 ( é???i),0,0,110000,19
A500,Bi 201 ( é???i),0,0,110000,19
A501,Bi 200 (é???i),0,0,110000,19
A502,Bi  301 (é???i),0,0,110000,19
A503,L†Øçc gi??,0,0,115000,1
A504,L†Øçc gi??,0,0,115000,2
A505,M?≠ phanh é?é?a ,0,0,115000,3
A506,L†Øçc gi??,0,0,115000,3
A507,L†Øçc gi??,0,0,115000,8
A508,L†Øçc gi??,0,0,115000,9
A509,L†Øçc gi??,0,0,115000,10
A510,L†Øçc gi??,0,0,115000,18
A511,L†Øçc gi??,0,0,115000,20
A512,L†Øçc gi??,0,0,115000,22
A513,L†Øçc gi??,0,0,115000,28
A514,L†Øçc gi??,0,0,115000,34
A515,L†Øçc gi??,0,0,115000,35
A516,S?õu c??ng tí≠ m??t,0,0,115000,36
A517,Tay phanh cí≠,0,0,120000,1
A518,Ph†Ø?t tr†Øùc lap,0,0,120000,1
A519,C??ng t†ß?c Xin nhan,0,0,120000,1
A520,C??ng t†ß?c Phanh é?é?a,0,0,120000,1
A521,Buzzi,0,0,120000,1
A522, Rí≠ le xi nhan,0,0,120000,1
A523,Tay phanh é?é?a,0,0,120000,2
A524,Tay phanh cí≠,0,0,120000,2
A525,Ph†Ø?t tr†Øùc lap,0,0,120000,2
A526,Ph†Ø?t tr†Øùc lap,0,0,120000,2
A527,C??ng t†ß?c Xin nhan,0,0,120000,2
A528,C??ng t†ß?c Phanh é?é?a,0,0,120000,2
A529,C??ng t†ß?c éê†ØÅ,0,0,120000,2
A530,C??ng t†ß?c éê??n,0,0,120000,2
A531, Rí≠ le xi nhan,0,0,120000,2
A532,Tay phanh cí≠,0,0,120000,3
A533,Ph†Ø?t tr†Øùc lap,0,0,120000,3
A534,Ph†Ø?t tr†Øùc lap,0,0,120000,3
A535,Buzzi,0,0,120000,3
A536, Rí≠ le xi nhan,0,0,120000,3
A537,Sí≠n d??,0,0,120000,5
A538,éê??i n†ß?p xin nhan,0,0,120000,5
A539,B??ng é???n pha,0,0,120000,6
A540,B??ng é???n pha,0,0,120000,8
A541,B??ng é???n pha,0,0,120000,9
A542,Tay phanh é?é?a,0,0,120000,10
A543,Tay phanh cí≠,0,0,120000,10
A544,Ph†Ø?t tr†Øùc lap,0,0,120000,10
A545,Ph†Ø?t tr†Øùc lap,0,0,120000,10
A546,C??ng t†ß?c Xin nhan,0,0,120000,10
A547,C??ng t†ß?c Phanh é?é?a,0,0,120000,10
A548,C??ng t†ß?c éê†ØÅ,0,0,120000,10
A549,C??ng t†ß?c éê??n,0,0,120000,10
A550, Rí≠ le xi nhan,0,0,120000,10
A551,B†Ø? ph†Ø?t m?≠y,0,0,120000,13
A552,B??ng é???n pha,0,0,120000,13
A553,Tay phanh é?é?a,0,0,120000,15
A554,Tay phanh cí≠,0,0,120000,15
A555,Ph†Ø?t tr†Øùc lap,0,0,120000,15
A556,Ph†Ø?t tr†Øùc lap,0,0,120000,15
A557,C??ng t†ß?c Xin nhan,0,0,120000,15
A558,C??ng t†ß?c Phanh é?é?a,0,0,120000,15
A559,C??ng t†ß?c éê†ØÅ,0,0,120000,15
A560,C??ng t†ß?c éê??n,0,0,120000,15
A561,Buzzi,0,0,120000,15
A562, Rí≠ le xi nhan,0,0,120000,15
A563,B??ng é???n pha,0,0,120000,17
A564,Ph†Ø?t tr†Øùc lap,0,0,120000,18
A565,M?ˇi cam c?˝,0,0,120000,18
A566,C??ng t†ß?c Xin nhan,0,0,120000,18
A567,C??ng t†ß?c Phanh é?é?a,0,0,120000,18
A568,C??ng t†ß?c éê†ØÅ,0,0,120000,18
A569,Buzzi,0,0,120000,18
A570,†ß?c pittong,0,0,120000,18
A571,Thay c†Ø? b?? XS d?ˇi,0,0,120000,19
A572,Phot gi†ßúm s??c XS,0,0,120000,19
A573,L†Øçc d†ß?u to,0,0,120000,19
A574,D†ß?u m?≠y 1 l??t,0,0,120000,19
A575,Buzzi CD,0,0,120000,19
A576,Tay phanh é?é?a,0,0,120000,20
A577,Tay phanh cí≠,0,0,120000,20
A578,Rí≠ le xi nhan,0,0,120000,20
A579,Ph†Ø?t tr†Øùc lap,0,0,120000,20
A580,C??ng t†ß?c Xin nhan,0,0,120000,20
A581,C??ng t†ß?c Phanh é?é?a,0,0,120000,20
A582,C??ng t†ß?c éê†ØÅ,0,0,120000,20
A583,C??ng t†ß?c éê??n,0,0,120000,20
A584,Tay phanh cí≠,0,0,120000,21
A585,Ph†Ø?t tr†Øùc lap,0,0,120000,21
A586,Ph†Ø?t tr†Øùc lap,0,0,120000,21
A587,C??ng t†ß?c Xin nhan,0,0,120000,21
A588, Rí≠ le xi nhan,0,0,120000,21
A589,Tay phanh é?é?a,0,0,120000,22
A590,Tay phanh cí≠,0,0,120000,22
A591,Rí≠ le xi nhan,0,0,120000,22
A592,Ph†Ø?t tr†Øùc lap,0,0,120000,22
A593,Ph†Ø?t tr†Øùc lap,0,0,120000,22
A594,Ph†Ø?t tr†Øùc lap,0,0,120000,22
A595,C??ng t†ß?c Xin nhan,0,0,120000,22
A596,C??ng t†ß?c Phanh é?é?a,0,0,120000,22
A597,C??ng t†ß?c éê†ØÅ,0,0,120000,22
A598,C??ng t†ß?c éê??n,0,0,120000,22
A599,Gi?ˇ v??t b†ß? xe,0,0,120000,23
A600,Tay phanh é?é?a,0,0,120000,24
A601,Tay phanh cí≠,0,0,120000,24
A602,Ph†Ø?t tr†Øùc lap,0,0,120000,24
A603,Ph†Ø?t tr†Øùc lap,0,0,120000,24
A604, Rí≠ le xi nhan,0,0,120000,24
A605,Rí≠ le bí≠m xéüng,0,0,120000,25
A606,M?ˇi cam c?˝,0,0,120000,25
A607,D?õy cong-to-met Thí¯†Øùng,0,0,120000,25
A608,C??ng t†ß?c Phanh tay,0,0,120000,25
A609,C??ng t†ß?c Phanh é?é?a,0,0,120000,25
A610,Tay phanh é?é?a,0,0,120000,27
A611,Tay phanh cí≠,0,0,120000,27
A612,Ph†Ø?t tr†Øùc lap,0,0,120000,27
A613,Ph†Ø?t tr†Øùc lap,0,0,120000,27
A614,C??ng t†ß?c Xin nhan,0,0,120000,27
A615,C??ng t†ß?c Phanh é?é?a,0,0,120000,27
A616,C??ng t†ß?c éê†ØÅ,0,0,120000,27
A617,C??ng t†ß?c éê??n,0,0,120000,27
A618,Buzzi,0,0,120000,27
A619, Rí≠ le xi nhan,0,0,120000,27
A620,Tay phanh cí≠,0,0,120000,28
A621,Ph†Ø?t tr†Øùc lap,0,0,120000,28
A622,Ph†Ø?t tr†Øùc lap,0,0,120000,28
A623,C??ng t†ß?c Xin nhan,0,0,120000,28
A624,C??ng t†ß?c Phanh é?é?a,0,0,120000,28
A625,C??ng t†ß?c éê†ØÅ,0,0,120000,28
A626,Buzzi,0,0,120000,28
A627, Rí≠ le xi nhan,0,0,120000,28
A628,Doong l?≠p,0,0,120000,29
A629,D?õy cong-to-met Thí¯†Øùng,0,0,120000,29
A630,C??ng t†ß?c Phanh é?é?a,0,0,120000,29
A631,B??ng é???n pha,0,0,120000,31
A632,Tay phanh é?é?a,0,0,120000,32
A633,Tay phanh cí≠,0,0,120000,32
A634,Ph†Ø?t tr†Øùc lap,0,0,120000,32
A635,Ph†Ø?t tr†Øùc lap,0,0,120000,32
A636,C??ng t†ß?c Xin nhan,0,0,120000,32
A637,C??ng t†ß?c Phanh é?é?a,0,0,120000,32
A638,C??ng t†ß?c éê†ØÅ,0,0,120000,32
A639,C??ng t†ß?c éê??n,0,0,120000,32
A640, Rí≠ le xi nhan,0,0,120000,32
A641,M?ˇi cam c?˝,0,0,120000,33
A642,†ß?c pittong,0,0,120000,33
A643,Tay phanh é?é?a,0,0,120000,34
A644,Tay phanh cí≠,0,0,120000,34
A645,Ph†Ø?t tr†Øùc lap,0,0,120000,34
A646,Ph†Ø?t tr†Øùc lap,0,0,120000,34
A647,C??ng t†ß?c Phanh é?é?a,0,0,120000,34
A648,Buzzi,0,0,120000,34
A649,Tay phanh é?é?a,0,0,120000,35
A650,Tay phanh cí≠,0,0,120000,35
A651,Ph†Ø?t tr†Øùc lap,0,0,120000,35
A652,Ph†Ø?t tr†Øùc lap,0,0,120000,35
A653,D?õy m†Ø? kh??a c†Ø?p,0,0,120000,35
A654,C??ng t†ß?c Xin nhan,0,0,120000,35
A655,C??ng t†ß?c Phanh é?é?a,0,0,120000,35
A656,Buzzi,0,0,120000,35
A657,B??ng é???n pha,0,0,120000,36
A658,Tay phanh cí≠,0,0,120000,37
A659,Ph†Ø?t tr†Øùc lap,0,0,120000,37
A660,Ph†Ø?t tr†Øùc lap,0,0,120000,37
A661,C??ng t†ß?c Xin nhan,0,0,120000,37
A662,C??ng t†ß?c Phanh é?é?a,0,0,120000,37
A663,C??ng t†ß?c éê†ØÅ,0,0,120000,37
A664,C??ng t†ß?c éê??n,0,0,120000,37
A665,Buzzi,0,0,120000,37
A666, Rí≠ le xi nhan,0,0,120000,37
A667,Ph†Ø?t gi?≠m s??c trí¯†Ø?c,0,0,120000,38
A668,B??ng é???n pha,0,0,120000,38
A669,M?≠ phanh trí¯†Ø?c,0,0,125000,7
A670,M?≠ é?é?a,0,0,125000,8
A671,M?≠ é?é?a,0,0,125000,36
A672,†Ø? kh??a c?? t†ØÆ,0,0,130000,25
A673,Yc thí¯†Øùng,0,0,135000,5
A674,Tay n†ß?m,0,0,135000,5
A675,Doong l?≠p,0,0,140000,1
A676,Doong l?≠p,0,0,140000,2
A677,M?≠ cí≠,0,0,140000,8
A678,M?≠ cí≠,0,0,140000,9
A679,Doong l?≠p,0,0,140000,10
A680,Doong l?≠p,0,0,140000,15
A681,M?≠ cí≠,0,0,140000,17
A682,Doong l?≠p,0,0,140000,18
A683,Doong l?≠p,0,0,140000,20
A684,Doong l?≠p,0,0,140000,21
A685,Doong l?≠p,0,0,140000,22
A686,L†Øçc gi??,0,0,140000,27
A687,Doong l?≠p,0,0,140000,27
A688,Doong l?≠p,0,0,140000,28
A689,M?≠ cí≠,0,0,140000,30
A690,M?≠ cí≠,0,0,140000,31
A691,Doong l?≠p,0,0,140000,32
A692,Doong l?≠p,0,0,140000,34
A693,Doong l?≠p,0,0,140000,35
A694,M?≠ cí≠,0,0,140000,36
A695,Doong l?≠p,0,0,140000,37
A696,M?≠ phanh é?é?a ,0,0,145000,2
A697,M?≠ é?é?a,0,0,145000,9
A698,M?≠ phanh é?é?a ,0,0,145000,10
A699,éê??ng l†ß≠i gi†ßúm gi†ß?t,0,0,145000,13
A700,M?≠ phanh é?é?a ,0,0,145000,18
A701,M?≠ phanh é?é?a ,0,0,145000,20
A702,M?≠ phanh é?é?a ,0,0,145000,21
A703,M?≠ phanh é?é?a ,0,0,145000,22
A704,M?≠ phanh é?é?a ,0,0,145000,23
A705,M?≠ phanh é?é?a ,0,0,145000,24
A706,M?≠ phanh é?é?a ,0,0,145000,26
A707,M?≠ phanh é?é?a ,0,0,145000,27
A708,M?≠ phanh é?é?a ,0,0,145000,28
A709,M?≠ phanh é?é?a ,0,0,145000,32
A710,L†Øçc gi??,0,0,145000,32
A711,D?õy m†Ø? kh??a c†Ø?p,0,0,145000,34
A712,D?õy cong-to-met Thí¯†Øùng,0,0,145000,35
A713,M?≠ phanh é?é?a ,0,0,145000,37
A714,éê??ng ca phanh sau,0,0,145000,38
A715,C??ng t†ß?c Xin nhan,0,0,150000,25
A716,C??ng t†ß?c éê†ØÅ,0,0,150000,25
A717,C??ng t†ß?c C?˝i,0,0,150000,25
A718,C??ng t†ß?c Xin nhan,0,0,150000,29
A719,C??ng t†ß?c éê†ØÅ,0,0,150000,29
A720,C??ng t†ß?c C?˝i,0,0,150000,29
A721,C??ng t†ß?c Xin nhan,0,0,150000,34
A722,C??ng t†ß?c éê†ØÅ,0,0,150000,34
A723,C??ng t†ß?c C?˝i,0,0,150000,34
A724,M?≠ phanh sau,0,0,155000,7
A725,M?≠ phanh é?é?a ,0,0,155000,29
A726,D?õy d†ßÆn xéüng,0,0,160000,1
A727,D?õy d†ßÆn xéüng,0,0,160000,2
A728,Ph†Ø?t gi†ßúm s??c trí¯†Ø?c,0,0,160000,9
A729,D?õy d†ßÆn xéüng,0,0,160000,10
A730,Bi tr†Øùc cam,0,0,160000,13
A731,L†Øçc gi??,0,0,160000,15
A732,D?õy d†ßÆn xéüng,0,0,160000,15
A733,D?õy cong-to-met Thí¯†Øùng,0,0,160000,15
A734,D?õy d†ßÆn xéüng,0,0,160000,18
A735,D?õy d†ßÆn xéüng,0,0,160000,20
A736,Tay phanh é?é?a,0,0,160000,21
A737,D?õy d†ßÆn xéüng,0,0,160000,21
A738,D?õy d†ßÆn xéüng,0,0,160000,22
A739,Hai ph†Ø?t g??t,0,0,160000,23
A740,L†Øçc gi??,0,0,160000,24
A741,Tay phanh cí≠,0,0,160000,25
A742,Ph†Ø?t tr†Øùc lap,0,0,160000,25
A743,Doong l?≠p,0,0,160000,25
A744,D?õy d†ßÆn xéüng,0,0,160000,25
A745,L†Øçc gi??,0,0,160000,26
A746,D?õy d†ßÆn xéüng,0,0,160000,27
A747,D?õy cong-to-met Thí¯†Øùng,0,0,160000,27
A748,D?õy d†ßÆn xéüng,0,0,160000,28
A749,D?õy d†ßÆn xéüng,0,0,160000,29
A750,D?õy d†ßÆn xéüng,0,0,160000,32
A751,D?õy d†ßÆn xéüng,0,0,160000,34
A752,D?õy cong-to-met Thí¯†Øùng,0,0,160000,34
A753,D?õy d†ßÆn xéüng,0,0,160000,35
A754,D?õy d†ßÆn xéüng,0,0,160000,37
A755,M?≠ phanh cí≠,0,0,165000,2
A756,S?õu c??ng tí≠ m??t,0,0,165000,6
A757,S?õu c??ng tí≠ m??t,0,0,165000,8
A758,S?õu c??ng tí≠ m??t,0,0,165000,9
A759,S?õu c??ng tí≠ m??t,0,0,165000,11
A760,S?õu c??ng tí≠ m??t,0,0,165000,12
A761,S?õu c??ng tí≠ m??t,0,0,165000,13
A762,S?õu c??ng tí≠ m??t,0,0,165000,14
A763,S?õu c??ng tí≠ m??t,0,0,165000,17
A764,L†Øçc gi??,0,0,165000,21
A765,M?≠ phanh trí¯†Ø?c,0,0,165000,25
A766,S?õu c??ng tí≠ m??t,0,0,165000,30
A767,S?õu c??ng tí≠ m??t,0,0,165000,31
A768,L†Øçc gi??,0,0,165000,37
A769,S?õu c??ng tí≠ m??t,0,0,165000,38
A770,Tay phanh é?é?a,0,0,180000,1
A771,Ph†Ø?t tr†Øùc cí≠,0,0,180000,1
A772,M?≠ phanh cí≠,0,0,180000,1
A773,C†Ø? Ch?õn ch†Ø?ng,0,0,180000,1
A774,B??ng pha,0,0,180000,1
A775,B†ß≠c C??n,0,0,180000,1
A776,Ph†Ø?t tr†Øùc cí≠,0,0,180000,2
A777,Ph†Ø?t tr†Øùc cí≠,0,0,180000,2
A778,C†Ø? Ch?õn ch†Ø?ng,0,0,180000,2
A779,B??ng pha,0,0,180000,2
A780,Tay phanh é?é?a,0,0,180000,3
A781,Ph†Ø?t tr†Øùc cí≠,0,0,180000,3
A782,Ph†Ø?t tr†Øùc cí≠,0,0,180000,3
A783,M?≠ phanh cí≠,0,0,180000,3
A784,B??ng pha,0,0,180000,3
A785,†Ø? kh??a,0,0,180000,4
A786,Pha é???n,0,0,180000,5
A787,†Ø? kh??a,0,0,180000,5
A788,†Ø? kh??a,0,0,180000,6
A789,Ph†Ø?t tr†Øùc cí≠,0,0,180000,10
A790,Ph†Ø?t tr†Øùc cí≠,0,0,180000,10
A791,M?≠ phanh cí≠,0,0,180000,10
A792,C†Ø? Ch?õn ch†Ø?ng,0,0,180000,10
A793,B??ng pha,0,0,180000,10
A794,Xu ly dau bo,0,0,180000,13
A795,B†Ø? Doong,0,0,180000,13
A796,Ph†Ø?t tr†Øùc cí≠,0,0,180000,15
A797,Ph†Ø?t tr†Øùc cí≠,0,0,180000,15
A798,C†Ø? Ch?õn ch†Ø?ng,0,0,180000,15
A799,B??ng pha,0,0,180000,15
A800,Ph†Ø?t tr†Øùc cí≠,0,0,180000,18
A801,Doong é?†ß?u,0,0,180000,18
A802,C†Ø? Ch?õn ch†Ø?ng,0,0,180000,18
A803,B??ng pha,0,0,180000,18
A804,Thay c†Ø? b?? XG,0,0,180000,19
A805,Phot gi†ßúm s??c XG,0,0,180000,19
A806,Ph†Ø?t tr†Øùc cí≠,0,0,180000,20
A807,C†Ø? Ch?õn ch†Ø?ng,0,0,180000,20
A808,B??ng pha,0,0,180000,20
A809,Ph†Ø?t tr†Øùc cí≠,0,0,180000,21
A810,Ph†Ø?t tr†Øùc cí≠,0,0,180000,21
A811,C†Ø? Ch?õn ch†Ø?ng,0,0,180000,21
A812,B??ng pha,0,0,180000,21
A813,Ph†Ø?t tr†Øùc cí≠,0,0,180000,22
A814,Ph†Ø?t tr†Øùc cí≠,0,0,180000,22
A815,Ph†Ø?t tr†Øùc cí≠,0,0,180000,22
A816,D?õy le,0,0,180000,22
A817,C†Ø? Ch?õn ch†Ø?ng,0,0,180000,22
A818,B??ng pha,0,0,180000,22
A819,L†Øçc gi??,0,0,180000,23
A820,Ph†Ø?t tr†Øùc cí≠,0,0,180000,24
A821,Ph†Ø?t tr†Øùc cí≠,0,0,180000,24
A822,Tay phanh é?é?a,0,0,180000,25
A823,Ph†Ø?t tr†Øùc lap,0,0,180000,25
A824,Ph†Ø?t tr†Øùc cí≠,0,0,180000,25
A825,L†Øçc gi??,0,0,180000,25
A826,C??ng t†ß?c Pha c†Ø?t,0,0,180000,25
A827,C??ng t†ß?c éê??n,0,0,180000,25
A828,B??ng pha,0,0,180000,25
A829,†ß?c pittong,0,0,180000,25
A830,Ph†Ø?t tr†Øùc cí≠,0,0,180000,27
A831,Ph†Ø?t tr†Øùc cí≠,0,0,180000,27
A832,M?≠ phanh cí≠,0,0,180000,27
A833,C†Ø? Ch?õn ch†Ø?ng,0,0,180000,27
A834,B??ng pha,0,0,180000,27
A835,Tay phanh é?é?a,0,0,180000,28
A836,Ph†Ø?t tr†Øùc cí≠,0,0,180000,28
A837,Ph†Ø?t tr†Øùc cí≠,0,0,180000,28
A838,C†Ø? Ch?õn ch†Ø?ng,0,0,180000,28
A839,B??ng pha,0,0,180000,28
A840,Tay phanh cí≠,0,0,180000,29
A841,Ph†Ø?t tr†Øùc lap,0,0,180000,29
A842,Ph†Ø?t tr†Øùc lap,0,0,180000,29
A843,M?ˇi cam c?˝,0,0,180000,29
A844,C??ng t†ß?c éê??n,0,0,180000,29
A845,Buzzi,0,0,180000,29
A846,†ß?c pittong,0,0,180000,29
A847,Ph†Ø?t tr†Øùc cí≠,0,0,180000,32
A848,Ph†Ø?t tr†Øùc cí≠,0,0,180000,32
A849,C†Ø? Ch?õn ch†Ø?ng,0,0,180000,32
A850,B??ng pha,0,0,180000,32
A851,Doong é?†ß?u,0,0,180000,33
A852,Ph†Ø?t tr†Øùc cí≠,0,0,180000,34
A853,Ph†Ø?t tr†Øùc cí≠,0,0,180000,34
A854,C†Ø? Ch?õn ch†Ø?ng,0,0,180000,34
A855,C??ng t†ß?c Pha c†Ø?t,0,0,180000,34
A856,C??ng t†ß?c éê??n,0,0,180000,34
A857,B??ng pha,0,0,180000,34
A858,Ph†Ø?t tr†Øùc cí≠,0,0,180000,35
A859,Ph†Ø?t tr†Øùc cí≠,0,0,180000,35
A860,M?≠ phanh cí≠,0,0,180000,35
A861,C†Ø? Ch?õn ch†Ø?ng,0,0,180000,35
A862,B??ng pha,0,0,180000,35
A863,Tay phanh é?é?a,0,0,180000,37
A864,Ph†Ø?t tr†Øùc cí≠,0,0,180000,37
A865,Ph†Ø?t tr†Øùc cí≠,0,0,180000,37
A866,C†Ø? Ch?õn ch†Ø?ng,0,0,180000,37
A867,B??ng pha,0,0,180000,37
A868,Kh??a 2 c†ß≠nh,0,0,185000,5
A869,L†Øçc gi??,0,0,185000,29
A870,Pha é???n,0,0,195000,4
A871,??p v?ˇnh é??ßc Héê,0,0,200000,16
A872,Doa é??≠nh b??ng n?˝ng,0,0,215000,13
A873,Tay phanh n†ß?m,0,0,220000,1
A874,D?õy ga,0,0,220000,1
A875,D?õy ga,0,0,220000,2
A876,D?õy ga,0,0,220000,10
A877,M?≠ phanh cí≠,0,0,220000,15
A878,M?≠ phanh cí≠,0,0,220000,18
A879,D?õy ga,0,0,220000,18
A880,Bi tr†Øùc cam,0,0,220000,18
A881,D?õy ga,0,0,220000,20
A882,D?õy ga,0,0,220000,21
